Page Name,Module,Integration Status,API Endpoints Count - Integrated,API Endpoints Count - Total,Features Fully Integrated,Features Partially Integrated,Features Missing,Notes
Login,Auth,Fully Integrated,2,3,Login, token refresh,Change password,"API exists but change password not in UI"
Dashboard,Projects,Fully Integrated,6,6,"Dashboard data, tasks, notifications, departments, users, overdue tasks",All features working,None,"KPI cards, project list, notifications, workload all integrated"
Projects,Projects,Fully Integrated,11,14,"CRUD, status updates, progress, documents",AI health, insights, optimization,"Project CRUD complete. AI features available in API but limited UI exposure"
Milestones,Work Management,Fully Integrated,6,6,Full CRUD, complete functionality,None,"Milestone workspace fully integrated"
Tasks,Work Management,Fully Integrated,30,30,"Task management, time tracking, AI features, subtasks",All features working,None,"Complete task lifecycle with time tracking, AI recommendations, delay predictions"
Roles,Access Control,Fully Integrated,5,5,Role CRUD with permissions,None,None,"Role management fully integrated"
Permissions,Access Control,Fully Integrated,4,4,Permission CRUD,None,None,"Permission management fully integrated"
Profiles,Profiles,Fully Integrated,2,2,Profile view and update,None,None,"Profile management fully integrated"
Organizations,Organizations,Fully Integrated,7,7,Organization CRUD with department assignment,None,None,"Full organization management"
Organization Structure,Organizations,Partially Integrated,1,2,Read-only view,Add/edit organizations,Department assignment UI,"View only - needs add/edit functionality"
Dashboards,Dashboards,Fully Integrated,9,9,Dashboard and widget management,None,None,"Full dashboard customization"
Integrations,Integrations,Fully Integrated,6,6,Integration CRUD with sync,None,None,"Integration management complete"
Webhooks,Integrations,Fully Integrated,6,6,Webhook management with delivery logging,None,None,"Webhook management complete"
Skills,Skills,Fully Integrated,4,4,Skill CRUD (SuperAdmin),None,None,"Skill management complete"
Knowledge,Knowledge,Fully Integrated,9,9,Articles and lessons CRUD,None,None,"Knowledge base fully integrated"
Activity Logs,Activity Logs,Fully Integrated,3,3,Activity log viewing and creation,None,None,"Activity tracking complete"
Users,Users,Fully Integrated,8,10,"User management, workload, registration, skills","Availability, deactivation, skill addition",User skill update/delete,"User management mostly complete, minor skill update missing"
Departments,Departments,Fully Integrated,6,6,Department CRUD with dashboard,None,None,"Department management complete"
Notifications,Notifications,Fully Integrated,14,14,"Notifications, templates, alert rules, broadcast",None,None,"Full notification system"
AI,AI,Fully Integrated,36,36,"All AI features - chat, predictions, models, training",None,None,"Comprehensive AI integration"
Reports,Reports,Fully Integrated,10,10,Stored reports and schedules,None,"Report generation APIs not in UI","Stored reports complete, on-demand generation not exposed"
Settings,Settings,Partially Integrated,1,2,Profile view,Profile update,Password change, notification preferences,"Basic settings - needs more options"