Page/Module,API Category,Integration Status,API Endpoints,Features Fully Integrated,Features Missing/Partially Integrated,Integration %,Notes
Login,Auth,Fully Integrated,auth/login,User authentication,N/A,67%,Login, token refresh working
Login,Auth,Fully Integrated,auth/refresh,Token refresh,N/A,67%,Login, token refresh working
Login,Auth,Partially Available,auth/change-password,Change password,N/A,67%,API exists but not in UI
Dashboard,Projects,Fully Integrated,projects/dashboard,Dashboard data with KPIs,N/A,100%,KPI cards, project list, notifications, workload all integrated
Dashboard,Projects,Fully Integrated,tasks/my-tasks,My tasks list,N/A,100%,KPI cards, project list, notifications, workload all integrated
Dashboard,Projects,Fully Integrated,notifications,User notifications,N/A,100%,KPI cards, project list, notifications, workload all integrated
Dashboard,Projects,Fully Integrated,departments,Department list,N/A,100%,KPI cards, project list, notifications, workload all integrated
Dashboard,Projects,Fully Integrated,users,User list,N/A,100%,KPI cards, project list, notifications, workload all integrated
Dashboard,Projects,Fully Integrated,tasks/overdue,Overdue tasks,N/A,100%,KPI cards, project list, notifications, workload all integrated
Projects,Projects,Fully Integrated,projects,Project list,N/A,79%,Project CRUD complete
Projects,Projects,Fully Integrated,projects/{id},Project details,N/A,79%,Project CRUD complete
Projects,Projects,Fully Integrated,projects (POST),Create project,N/A,79%,Project CRUD complete
Projects,Projects,Fully Integrated,projects/{id} (PUT),Update project,N/A,79%,Project CRUD complete
Projects,Projects,Fully Integrated,projects/{id}/status (PATCH),Update status,N/A,79%,Project CRUD complete
Projects,Projects,Fully Integrated,projects/{id}/progress,Progress tracking,N/A,79%,Project CRUD complete
Projects,Projects,Fully Integrated,projects/{id}/documents (POST),Document upload,N/A,79%,Project CRUD complete
Projects,Projects,Fully Integrated,projects/{id} (DELETE),Delete project,N/A,79%,Project CRUD complete
Projects,Projects,Partially Available,projects/{id}/ai/health,AI health,API exists but limited UI,79%,Project CRUD complete
Projects,Projects,Partially Available,projects/{id}/ai/insights,AI insights,API exists but not fully used,79%,Project CRUD complete
Projects,Projects,Partially Available,projects/{id}/ai/optimize-resources,Resource optimization,API exists but not fully used,79%,Project CRUD complete
Milestones,Work Management,Fully Integrated,milestones/by-project/{projectId},Milestones by project,N/A,100%,Full CRUD for milestones
Milestones,Work Management,Fully Integrated,milestones (POST),Create milestone,N/A,100%,Full CRUD for milestones
Milestones,Work Management,Fully Integrated,milestones/{id},Get milestone,N/A,100%,Full CRUD for milestones
Milestones,Work Management,Fully Integrated,milestones/{id} (PUT),Update milestone,N/A,100%,Full CRUD for milestones
Milestones,Work Management,Fully Integrated,milestones/{id}/complete (PATCH),Mark complete,N/A,100%,Full CRUD for milestones
Milestones,Work Management,Fully Integrated,milestones/{id} (DELETE),Delete milestone,N/A,100%,Full CRUD for milestones
Tasks,Work Management,Fully Integrated,tasks/by-project/{projectId},Tasks by project,N/A,100%,Complete task management
Tasks,Work Management,Fully Integrated,tasks/my-tasks,My tasks,N/A,100%,Complete task management
Tasks,Work Management,Fully Integrated,tasks/{id},Task details,N/A,100%,Complete task management
Tasks,Work Management,Fully Integrated,tasks (POST),Create task,N/A,100%,Complete task management
Tasks,Work Management,Fully Integrated,tasks/{id} (PUT),Update task,N/A,100%,Complete task management
Tasks,Work Management,Fully Integrated,tasks/{id}/progress (PATCH),Update progress,N/A,100%,Complete task management
Tasks,Work Management,Fully Integrated,tasks/{id}/status (PATCH),Update status,N/A,100%,Complete task management
Tasks,Work Management,Fully Integrated,tasks/{id}/assign (POST),Assign task,N/A,100%,Complete task management
Tasks,Work Management,Fully Integrated,tasks/{id}/ai/recommend-assignee,AI assignee recommendation,N/A,100%,Complete task management
Tasks,Work Management,Fully Integrated,tasks/{id}/ai/delay-prediction,AI delay prediction,N/A,100%,Complete task management
Tasks,Work Management,Fully Integrated,tasks/{id}/escalate (POST),Escalate task,N/A,100%,Complete task management
Tasks,Work Management,Fully Integrated,tasks/{id}/comments (POST),Add comment,N/A,100%,Complete task management
Tasks,Work Management,Fully Integrated,tasks/{id}/attachments (POST),Upload attachment,N/A,100%,Complete task management
Tasks,Work Management,Fully Integrated,tasks/{id}/time/start (POST),Start timer,N/A,100%,Complete task management
Tasks,Work Management,Fully Integrated,tasks/{id}/time/stop (POST),Stop timer,N/A,100%,Complete task management
Tasks,Work Management,Fully Integrated,tasks/{id} (DELETE),Delete task,N/A,100%,Complete task management
Tasks,Work Management,Fully Integrated,tasks/overdue,Overdue tasks,N/A,100%,Complete task management
Tasks,Work Management,Fully Integrated,tasks/escalated,Escalated tasks,N/A,100%,Complete task management
Tasks,Work Management,Fully Integrated,tasks/unassigned,Unassigned tasks,N/A,100%,Complete task management
Tasks,Work Management,Fully Integrated,tasks/{id}/subtasks,Get subtasks,N/A,100%,Complete task management
Tasks,Work Management,Fully Integrated,tasks/{id}/subtasks (POST),Create subtask,N/A,100%,Complete task management
Tasks,Work Management,Fully Integrated,tasks/subtasks/{id},Get/Update subtask,N/A,100%,Complete task management
Tasks,Work Management,Fully Integrated,tasks/subtasks/{id}/progress,Subtask progress,N/A,100%,Complete task management
Tasks,Work Management,Fully Integrated,tasks/subtasks/{id}/status,Subtask status,N/A,100%,Complete task management
Tasks,Work Management,Fully Integrated,tasks/subtasks/{id}/assign,Assign subtask,N/A,100%,Complete task management
Tasks,Work Management,Fully Integrated,tasks/subtasks/{id} (DELETE),Delete subtask,N/A,100%,Complete task management
Roles,Access Control,Fully Integrated,roles,Role list,N/A,100%,Full role CRUD with permissions
Roles,Access Control,Fully Integrated,roles (POST),Create role,N/A,100%,Full role CRUD with permissions
Roles,Access Control,Fully Integrated,roles/{id} (PUT),Update role,N/A,100%,Full role CRUD with permissions
Roles,Access Control,Fully Integrated,roles/{id} (DELETE),Delete role,N/A,100%,Full role CRUD with permissions
Roles,Access Control,Fully Integrated,roles/permissions,Get permissions,N/A,100%,Full role CRUD with permissions
Permissions,Access Control,Fully Integrated,roles/permissions,Permission list,N/A,100%,Full permission management
Permissions,Access Control,Fully Integrated,roles/permissions (POST),Create permission,N/A,100%,Full permission management
Permissions,Access Control,Fully Integrated,roles/permissions/{id} (PUT),Update permission,N/A,100%,Full permission management
Permissions,Access Control,Fully Integrated,roles/permissions/{id} (DELETE),Delete permission,N/A,100%,Full permission management
Profiles,Profiles,Fully Integrated,profiles/{userId},Get profile,N/A,100%,Profile view and update
Profiles,Profiles,Fully Integrated,profiles/{userId} (PUT),Update profile,N/A,100%,Profile view and update
Organizations,Organizations,Fully Integrated,organizations,Organization list,N/A,100%,Full organization CRUD
Organizations,Organizations,Fully Integrated,organizations/{id},Organization details,N/A,100%,Full organization CRUD
Organizations,Organizations,Fully Integrated,organizations (POST),Create organization,N/A,100%,Full organization CRUD
Organizations,Organizations,Fully Integrated,organizations/{id} (PUT),Update organization,N/A,100%,Full organization CRUD
Organizations,Organizations,Fully Integrated,organizations/{id}/departments/{departmentId} (PUT),Assign department,N/A,100%,Full organization CRUD
Organizations,Organizations,Fully Integrated,organizations/{id}/departments/{departmentId} (DELETE),Remove department,N/A,100%,Full organization CRUD
Organizations,Organizations,Fully Integrated,organizations/{id} (DELETE),Delete organization,N/A,100%,Full organization CRUD
Organization Structure,Organizations,Partially Integrated,organizations,Read-only view,Add/edit organizations not in UI,50%,View only - needs add/edit functionality
Skills,Skills,Fully Integrated,skills,Skill list,N/A,100%,Full skill CRUD (SuperAdmin)
Skills,Skills,Fully Integrated,skills (POST),Create skill,N/A,100%,Full skill CRUD (SuperAdmin)
Skills,Skills,Fully Integrated,skills/{id} (PUT),Update skill,N/A,100%,Full skill CRUD (SuperAdmin)
Skills,Skills,Fully Integrated,skills/{id} (DELETE),Delete skill,N/A,100%,Full skill CRUD (SuperAdmin)
Knowledge,Knowledge,Fully Integrated,knowledge/articles,Articles list,N/A,100%,Knowledge base fully integrated
Knowledge,Knowledge,Fully Integrated,knowledge/articles/{id},Article details,N/A,100%,Knowledge base fully integrated
Knowledge,Knowledge,Fully Integrated,knowledge/articles (POST),Create article,N/A,100%,Knowledge base fully integrated
Knowledge,Knowledge,Fully Integrated,knowledge/articles/{id} (PUT),Update article,N/A,100%,Knowledge base fully integrated
Knowledge,Knowledge,Fully Integrated,knowledge/articles/{id} (DELETE),Delete article,N/A,100%,Knowledge base fully integrated
Knowledge,Knowledge,Fully Integrated,knowledge/lessons,Lessons learned list,N/A,100%,Knowledge base fully integrated
Knowledge,Knowledge,Fully Integrated,knowledge/lessons (POST),Create lesson,N/A,100%,Knowledge base fully integrated
Knowledge,Knowledge,Fully Integrated,knowledge/lessons/{id} (PUT),Update lesson,N/A,100%,Knowledge base fully integrated
Knowledge,Knowledge,Fully Integrated,knowledge/lessons/{id} (DELETE),Delete lesson,N/A,100%,Knowledge base fully integrated
Activity Logs,Activity Logs,Fully Integrated,activitylogs,My activity logs,N/A,100%,Activity tracking complete
Activity Logs,Activity Logs,Fully Integrated,activitylogs/user/{userId},User logs (Admin),N/A,100%,Activity tracking complete
Activity Logs,Activity Logs,Fully Integrated,activitylogs (POST),Create log,N/A,100%,Activity tracking complete
Users,Users,Fully Integrated,users,User list,N/A,80%,User management complete
Users,Users,Fully Integrated,users/me,Current user,N/A,80%,User management complete
Users,Users,Fully Integrated,users/available,Available users,N/A,80%,User management complete
Users,Users,Fully Integrated,users/workload,Workload report,N/A,80%,User management complete
Users,Users,Fully Integrated,users/register (POST),Register user,N/A,80%,User management complete
Users,Users,Fully Integrated,users/{id}/availability (PATCH),Update availability,N/A,80%,User management complete
Users,Users,Fully Integrated,users/{id}/skills (POST),Add user skill,N/A,80%,User management complete
Users,Users,Fully Integrated,users/{id}/deactivate (PATCH),Deactivate user,N/A,80%,User management complete
Users,Users,Partially Available,users/{id}/skills/{skillId} (PUT),Update skill,API exists but not in main UI,80%,Missing user skill update
Users,Users,Partially Available,users/{id}/skills/{skillId} (DELETE),Remove skill,API exists but not in main UI,80%,Missing user skill removal
Departments,Departments,Fully Integrated,departments,Department list,N/A,100%,Department CRUD complete
Departments,Departments,Fully Integrated,departments/{id},Department details,N/A,100%,Department CRUD complete
Departments,Departments,Fully Integrated,departments (POST),Create department,N/A,100%,Department CRUD complete
Departments,Departments,Fully Integrated,departments/{id} (PUT),Update department,N/A,100%,Department CRUD complete
Departments,Departments,Fully Integrated,departments/{id} (DELETE),Delete department,N/A,100%,Department CRUD complete
Departments,Departments,Fully Integrated,departments/{id}/dashboard,Department dashboard,N/A,100%,Department CRUD complete
Notifications,Notifications,Fully Integrated,notifications,User notifications,N/A,100%,Full notification system
Notifications,Notifications,Fully Integrated,notifications/unread-count,Unread count,N/A,100%,Full notification system
Notifications,Notifications,Fully Integrated,notifications/{id}/read (PATCH),Mark read,N/A,100%,Full notification system
Notifications,Notifications,Fully Integrated,notifications/read-all (PATCH),Mark all read,N/A,100%,Full notification system
Notifications,Notifications,Fully Integrated,notifications/{id} (DELETE),Delete notification,N/A,100%,Full notification system
Notifications,Notifications,Fully Integrated,notifications/broadcast (POST),Broadcast notification,N/A,100%,Full notification system
Notifications,Notifications,Fully Integrated,notifications/templates,Templates list,N/A,100%,Full notification system
Notifications,Notifications,Fully Integrated,notifications/templates (POST),Create template,N/A,100%,Full notification system
Notifications,Notifications,Fully Integrated,notifications/templates/{id} (PUT),Update template,N/A,100%,Full notification system
Notifications,Notifications,Fully Integrated,notifications/templates/{id} (DELETE),Delete template,N/A,100%,Full notification system
Notifications,Notifications,Fully Integrated,notifications/rules,Alert rules list,N/A,100%,Full notification system
Notifications,Notifications,Fully Integrated,notifications/rules (POST),Create rule,N/A,100%,Full notification system
Notifications,Notifications,Fully Integrated,notifications/rules/{id} (PUT),Update rule,N/A,100%,Full notification system
Notifications,Notifications,Fully Integrated,notifications/rules/{id} (DELETE),Delete rule,N/A,100%,Full notification system
AI,AI,Fully Integrated,ai/providers,AI providers,N/A,100%,Comprehensive AI integration
AI,AI,Fully Integrated,ai/providers/{provider}/models,Model search,N/A,100%,Comprehensive AI integration
AI,AI,Fully Integrated,ai/providers/{provider}/test,Test provider,N/A,100%,Comprehensive AI integration
AI,AI,Fully Integrated,ai/chat,AI chat,N/A,100%,Comprehensive AI integration
AI,AI,Fully Integrated,ai/burnout-risk,Burnout risk analysis,N/A,100%,Comprehensive AI integration
AI,AI,Fully Integrated,ai/insights/{projectId},Project insights,N/A,100%,Comprehensive AI integration
AI,AI,Fully Integrated,ai/project-health/{projectId},Project health,N/A,100%,Comprehensive AI integration
AI,AI,Fully Integrated,ai/optimize-resources/{projectId},Resource optimization,N/A,100%,Comprehensive AI integration
AI,AI,Fully Integrated,ai/predict-delay/{taskId},Task delay prediction,N/A,100%,Comprehensive AI integration
AI,AI,Fully Integrated,ai/recommend-assignee/{taskId},Assignee recommendation,N/A,100%,Comprehensive AI integration
AI,AI,Fully Integrated,ai/recommendations/{taskId} (POST),Generate recommendation,N/A,100%,Comprehensive AI integration
AI,AI,Fully Integrated,ai/recommendations/{taskId}/history,Recommendation history,N/A,100%,Comprehensive AI integration
AI,AI,Fully Integrated,ai/recommendations/{recommendationId}/accept (POST),Accept recommendation,N/A,100%,Comprehensive AI integration
AI,AI,Fully Integrated,ai/recommendations/{recommendationId}/reject (POST),Reject recommendation,N/A,100%,Comprehensive AI integration
AI,AI,Fully Integrated,ai/recommendations/{recommendationId}/explanation,Recommendation explanation,N/A,100%,Comprehensive AI integration
AI,AI,Fully Integrated,ai/tasks/{taskId}/analysis,Task analysis,N/A,100%,Comprehensive AI integration
AI,AI,Fully Integrated,ai/predictions/{taskId} (POST),Generate prediction,N/A,100%,Comprehensive AI integration
AI,AI,Fully Integrated,ai/predictions/{taskId}/history,Prediction history,N/A,100%,Comprehensive AI integration
AI,AI,Fully Integrated,ai/projects/{projectId}/predictions (POST),Project predictions,N/A,100%,Comprehensive AI integration
AI,AI,Fully Integrated,ai/prediction-results,Prediction results,N/A,100%,Comprehensive AI integration
AI,AI,Fully Integrated,ai/models,AI models list,N/A,100%,Comprehensive AI integration
AI,AI,Fully Integrated,ai/models/{modelId},Model details,N/A,100%,Comprehensive AI integration
AI,AI,Fully Integrated,ai/models (POST),Create model,N/A,100%,Comprehensive AI integration
AI,AI,Fully Integrated,ai/models/{modelId} (PUT),Update model,N/A,100%,Comprehensive AI integration
AI,AI,Fully Integrated,ai/models/{modelId} (DELETE),Delete model,N/A,100%,Comprehensive AI integration
AI,AI,Fully Integrated,ai/training-data,Training data,N/A,100%,Comprehensive AI integration
AI,AI,Fully Integrated,ai/training-data (POST),Add training data,N/A,100%,Comprehensive AI integration
AI,AI,Fully Integrated,ai/performance,Model performance,N/A,100%,Comprehensive AI integration
AI,AI,Fully Integrated,ai/settings,AI settings,N/A,100%,Comprehensive AI integration
AI,AI,Fully Integrated,ai/settings (POST),Save AI settings,N/A,100%,Comprehensive AI integration
AI,AI,Fully Integrated,ai/train (POST),Trigger training,N/A,100%,Comprehensive AI integration
Reports,Reports,Fully Integrated,reports/stored,Stored reports,N/A,100%,Stored reports complete
Reports,Reports,Fully Integrated,reports/stored/{id},Report details,N/A,100%,Stored reports complete
Reports,Reports,Fully Integrated,reports/stored (POST),Create report,N/A,100%,Stored reports complete
Reports,Reports,Fully Integrated,reports/stored/{id} (PUT),Update report,N/A,100%,Stored reports complete
Reports,Reports,Fully Integrated,reports/stored/{id} (DELETE),Delete report,N/A,100%,Stored reports complete
Reports,Reports,Fully Integrated,reports/stored/{id}/download,Download report,N/A,100%,Stored reports complete
Reports,Reports,Fully Integrated,reports/schedules,Report schedules,N/A,100%,Stored reports complete
Reports,Reports,Fully Integrated,reports/schedules (POST),Create schedule,N/A,100%,Stored reports complete
Reports,Reports,Fully Integrated,reports/schedules/{id} (PUT),Update schedule,N/A,100%,Stored reports complete
Reports,Reports,Fully Integrated,reports/schedules/{id} (DELETE),Delete schedule,N/A,100%,Stored reports complete
Reports,Reports,Not in UI,reports/project-status/{projectId},Project status report,API exists not in UI,100%,On-demand generation not exposed
Reports,Reports,Not in UI,reports/task-completion,Task completion report,API exists not in UI,100%,On-demand generation not exposed
Reports,Reports,Not in UI,reports/department-workload,Department workload,API exists not in UI,100%,On-demand generation not exposed
Reports,Reports,Not in UI,reports/budget-variance/{projectId},Budget variance,API exists not in UI,100%,On-demand generation not exposed
Reports,Reports,Not in UI,reports/delay-analysis,Delay analysis,API exists not in UI,100%,On-demand generation not exposed
Settings,Settings,Partially Integrated,users/me,Profile view,Password change not in settings,50%,Basic settings - needs more options
Settings,Settings,Partially Integrated,profiles/{userId},Profile update,Notification preferences not in settings,50%,Basic settings - needs more options